id;nombre;cedula;telefono;direccion
1;circulate eek given;murky desk croon;including curiously now;dismal
2;in gah;regular famously;aha;when
3;until;welcome splash mid;robust since;productive
4;horst mill versus;the;inside warped prime;brand likewise
5;wherever hepatitis among;contravene;once inasmuch sophisticated;lest
6;ruddy concerned;vol immaculate;suitcase helpfully;across
7;acclaimed distinction;upside-down anti how;expense under during;yet under
8;unscramble hassle;indeed even;focalise undergo;diversity instead
9;loose ponder easily;kindly;as;papa stormy
10;provided;lest enrage;naughty except stake;seriously as
11;against ironclad meh;across although;gladly huzzah;packaging yahoo
12;pocket-watch flustered why;reassuringly harmful;midst;faithfully obediently
13;duster;absent ugh around;representation neighboring;procrastinate octave
14;into eek egg;defendant sneak;with slink;admonish whose
15;priesthood overproduce;afore heavily profane;proselytise cautious smuggle;yogurt mid times
16;unruly whose hourly;so classic;enthusiastically oh;baritone minus
17;surprisingly;swanling nearly;woot;hollow
18;sparkling;cannibalise each;patroller;bench yuck to
19;destock;oddly nervous;following waver;phooey
20;circa shiny;obvious;snappy relaunch dramatize;fervently by
21;ack dimly supplier;however supplier;apud freely;fooey
22;huzzah in;jubilantly;beside;inculcate typify fondly
23;regularly;which ready and;scrutinise casket reapply;clinch midwife eek
24;till;stabilise beneath;drat wherever;hydrolyze
25;bashfully lecture;mesh annually a;yippee yowza unsightly;after traditionalism orchid
26;jump excepting;inexperienced furthermore;positively exasperation unabashedly;ah bulky gut
27;suspiciously;although;ceramics atop;huzzah schedule muffled
28;oof camouflage convince;ripe beneath;unabashedly hm;wolf subtle rule
29;pigsty;sneak;usher;glossy tabulate than
30;notwithstanding consequently gadzooks;boulevard back provision;after;wrong once of
